row_id,date,complaints,is_weekend,bank_holiday_flag,staffing_level_fte,backlog_days,media_mentions,channel_mix_index,centered_7d_mean
1,2023-01-01 00:00:00,75,1,1,36.4,13.4,1,54.4,80.5
2,2023-01-02 00:00:00,80,0,0,33.9,9.4,0,57.8,78.4
3,2023-01-03 00:00:00,84,0,0,34.7,11.2,2,54.9,76.33
4,2023-01-04 00:00:00,83,0,0,33.8,10.2,4,52.5,75.86
5,2023-01-05 00:00:00,70,0,0,,11.5,1,47.7,76.14
6,2023-01-06 00:00:00,66,0,0,33.4,11,2,61.4,76.14
7,2023-01-07 00:00:00,73,1,0,37.9,10.2,0,,76.29
8,2023-01-08 00:00:00,77,1,0,36.3,11.6,1,60.6,75.43
9,2023-01-09 00:00:00,80,0,0,36.1,13.4,2,54.9,75.43
10,2023-01-10 00:00:00,85,0,0,33.4,11.1,3,58.4,75.71
11,2023-01-11 00:00:00,77,0,0,34,12.2,1,58.8,74.29
12,2023-01-12 00:00:00,70,0,0,,9.2,0,58.5,73.29
13,2023-01-13 00:00:00,68,0,0,35.1,9.5,0,51.4,73.29
14,2023-01-14 00:00:00,63,1,0,37.9,11.5,1,58.9,72.57
15,2023-01-15 00:00:00,70,1,0,36.3,12.9,1,49.7,73
16,2023-01-16 00:00:00,80,0,0,35.6,11.6,0,43.3,72.86
17,2023-01-17 00:00:00,80,0,0,34.8,11,1,47.5,72.14
18,2023-01-18 00:00:00,80,0,0,34,11.1,1,46.1,73.86
19,2023-01-20 00:00:00,63,0,0,35.9,11.4,0,48,74.86
20,2023-01-21 00:00:00,75,1,0,38.3,11.6,0,40.4,74.57
21,2023-01-22 00:00:00,75,1,0,36.5,10.3,23,40,74.14
22,2023-01-23 00:00:00,82,0,0,35.6,10.6,2,35.6,74.71
23,2023-01-24 00:00:00,78,0,0,35,11.5,2,43.3,74.86
24,2023-01-25 00:00:00,77,0,0,34.5,10.7,1,41.2,74.29
25,2023-01-26 00:00:00,73,0,0,35.2,10.7,4,39.7,74.14
26,2023-01-27 00:00:00,64,0,0,,13,1,34.9,74
27,2023-01-28 00:00:00,71,1,0,35.9,10.7,0,49.9,74.43
28,2023-01-29 00:00:00,74,1,0,37.7,10.6,2,41,75.71
29,2023-01-30 00:00:00,81,0,0,34.7,,1,45.6,75.57
30,2023-01-31 00:00:00,81,0,0,34.5,12,1,51.4,75.57
31,2023-02-01 00:00:00,86,0,0,33.3,10.9,2,47.3,75.86
32,2023-02-02 00:00:00,72,0,0,34.4,10.1,1,48.1,75.43
33,2023-02-03 00:00:00,64,0,0,36,12.1,12,47.4,75.71
34,2023-02-04 00:00:00,73,1,0,36.9,12.5,14,60.3,75
35,2023-02-05 00:00:00,71,1,0,37,10.2,0,56.5,73.29
36,2023-02-06 00:00:00,83,0,0,36.7,9,2,71.2,73.43
37,2023-02-07 00:00:00,76,0,0,34.7,12.4,0,56,74.43
38,2023-02-08 00:00:00,74,0,0,33.7,10.6,11,56.3,74
39,2023-02-09 00:00:00,73,0,0,35.2,,0,57.2,74.57
40,2023-02-11 00:00:00,70,1,0,35.9,12,1,55.6,74.29
41,2023-02-12 00:00:00,75,1,0,37.2,9.4,0,58.3,74.57
42,2023-02-13 00:00:00,80,0,0,36.2,12.2,2,50.2,74.14
43,2023-02-14 00:00:00,77,0,0,34.2,11.1,21,46.6,74.29
44,2023-02-15 00:00:00,76,0,0,34.9,9.8,1,42.8,74.29
45,2023-02-16 00:00:00,70,0,0,34.5,10.4,4,39,73.14
46,2023-02-17 00:00:00,72,0,0,36,11.7,1,43.9,73.57
47,2023-02-18 00:00:00,70,1,0,36.7,10.9,1,42.9,74.14
48,2023-02-19 00:00:00,67,1,0,36.8,11.7,1,40,74
49,2023-02-20 00:00:00,83,0,0,35,13.6,1,46.3,74.57
50,2023-02-21 00:00:00,81,0,0,33.5,9.2,1,45.4,74.43
51,2023-02-22 00:00:00,75,0,0,35.1,13,0,38.7,74.71
52,2023-02-23 00:00:00,74,0,0,34.1,10.9,2,32.9,75.29
53,2023-02-24 00:00:00,71,0,0,35.3,9.8,1,38.2,74.71
54,2023-02-25 00:00:00,72,1,0,35.4,9.2,2,38.9,75
55,2023-02-26 00:00:00,71,1,0,36.4,10.5,2,39.9,76
56,2023-02-27 00:00:00,79,0,0,34.9,12.4,0,41.3,75.14
57,2023-02-28 00:00:00,83,0,0,35.7,11.1,0,43.3,74.29
58,2023-03-01 00:00:00,82,0,0,,12.8,0,46.4,72.86
59,2023-03-02 00:00:00,68,0,0,34.2,9.2,1,47.5,72.43
60,2023-03-03 00:00:00,65,0,0,37.6,10.8,0,52.9,73.14
61,2023-03-04 00:00:00,62,1,0,37.7,9.4,4,,73.86
62,2023-03-05 00:00:00,68,1,0,36.7,11.3,1,52.2,73
63,2023-03-06 00:00:00,84,0,0,34.1,12.2,2,62.5,73.86
64,2023-03-07 00:00:00,88,0,0,36.3,10.8,1,54.7,74.14
65,2023-03-08 00:00:00,76,0,0,33.2,8.2,2,53,74.29
66,2023-03-09 00:00:00,74,0,0,33.6,11,1,61.5,75.14
67,2023-03-10 00:00:00,67,0,0,36.8,11.1,1,56.7,75.43
68,2023-03-11 00:00:00,63,1,0,38.8,11,3,60.8,74.29
69,2023-03-12 00:00:00,74,1,0,38,12.2,2,49,75.29
70,2023-03-13 00:00:00,86,0,0,,10.1,1,63,72.57
71,2023-03-14 00:00:00,80,0,0,35.1,12.3,1,58.6,72.71
72,2023-03-15 00:00:00,83,0,0,34.8,12.5,0,48.1,73.14
73,2023-03-17 00:00:00,68,0,0,36.4,11.1,1,56.7,71.43
74,2023-03-18 00:00:00,66,1,0,37.2,9.9,2,45,69.86
75,2023-03-19 00:00:00,70,1,0,37,10.9,0,42.6,68.43
76,2023-03-20 00:00:00,78,0,0,35.5,11.9,1,35.1,70.43
77,2023-03-21 00:00:00,69,0,0,34.6,10.6,20,41.2,70.71
78,2023-03-22 00:00:00,73,0,0,33.1,10.5,3,40.4,70
79,2023-03-23 00:00:00,69,0,0,34.9,10.2,2,43.4,69.43
80,2023-03-24 00:00:00,70,0,0,35.5,9.4,3,34.5,68.71
81,2023-03-25 00:00:00,61,1,0,36.4,9.3,2,34,70.57
82,2023-03-26 00:00:00,66,1,0,37.3,11.6,0,42.3,70.86
83,2023-03-27 00:00:00,73,0,0,37.1,9.7,2,45.4,70
84,2023-03-28 00:00:00,82,0,0,35.5,11.6,9,36.3,69.14
85,2023-03-29 00:00:00,75,0,0,33.3,11.5,1,48.4,69.43
86,2023-03-30 00:00:00,63,0,0,34.3,8.7,1,46.1,70.57
87,2023-03-31 00:00:00,64,0,0,37,10,0,52.3,70.29
88,2023-04-01 00:00:00,63,1,0,36.6,11.9,0,49.7,69.14
89,2023-04-02 00:00:00,74,1,0,37.1,9.5,1,42,68.29
90,2023-04-03 00:00:00,71,0,0,36.6,10.4,1,53.5,67.29
91,2023-04-04 00:00:00,74,0,0,34.3,11.8,1,60.1,67
92,2023-04-05 00:00:00,69,0,0,34.5,11.9,9,53.9,67
93,2023-04-06 00:00:00,56,0,0,34.1,10.2,1,57.1,66
94,2023-04-07 00:00:00,62,0,1,35.9,9.8,0,58.8,66.14
95,2023-04-08 00:00:00,63,1,0,37.6,12.2,25,48.3,65
96,2023-04-09 00:00:00,67,1,0,36.2,13,2,66.6,64.86
97,2023-04-10 00:00:00,72,0,1,36.6,12,0,55.9,65.57
98,2023-04-11 00:00:00,66,0,0,35,11.1,0,60.7,64.43
99,2023-04-12 00:00:00,68,0,0,34.9,9.8,0,57.1,63.86
100,2023-04-13 00:00:00,61,0,0,35.3,9.2,2,60.9,64
101,2023-04-14 00:00:00,54,0,0,37.4,11.1,2,55.7,65.57
102,2023-04-15 00:00:00,59,1,0,37.5,11,0,51.1,66.71
103,2023-04-16 00:00:00,68,1,0,37.1,12.4,0,46.4,67
104,2023-04-17 00:00:00,83,0,0,36.4,11.7,0,51.1,67
105,2023-04-18 00:00:00,74,0,0,35.5,8.8,0,38.4,65.71
106,2023-04-19 00:00:00,70,0,0,34.6,12,1,46.7,65.57
107,2023-04-20 00:00:00,61,0,0,35.2,9.2,2,38.2,65.14
108,2023-04-21 00:00:00,45,0,0,36,9.7,1,46.3,65.43
109,2023-04-22 00:00:00,58,1,0,37,10.7,1,41.1,64.86
110,2023-04-23 00:00:00,65,1,0,36.5,13.1,0,42.6,64.71
111,2023-04-24 00:00:00,85,0,0,37.6,15.1,0,40.4,64.57
112,2023-04-25 00:00:00,70,0,0,34.3,11.7,2,33.5,65
113,2023-04-26 00:00:00,69,0,0,34.2,10.6,1,37.9,65.86
114,2023-04-27 00:00:00,60,0,0,34.8,11.1,0,45.3,66.14
115,2023-04-28 00:00:00,48,0,0,37.2,10.9,1,44.8,64.57
116,2023-04-29 00:00:00,64,1,0,37.4,9.9,0,50.7,63.71
117,2023-04-30 00:00:00,67,1,0,38.4,12.8,3,49.5,64.43
118,2023-05-01 00:00:00,74,0,1,36,11.7,1,46.1,62.86
119,2023-05-03 00:00:00,74,0,0,34.1,11.6,0,54.5,64.86
120,2023-05-04 00:00:00,49,0,0,36.9,10.9,2,46.6,63.14
121,2023-05-05 00:00:00,57,0,0,35.8,10.9,2,64.1,61.57
122,2023-05-06 00:00:00,69,1,0,37.8,9.8,0,60.4,62.29
123,2023-05-07 00:00:00,55,1,0,38,10,1,64.4,60.43
124,2023-05-08 00:00:00,63,0,0,36.8,9.6,1,53.6,60.14
125,2023-05-09 00:00:00,69,0,0,35.2,11.1,8,64.9,59.57
126,2023-05-11 00:00:00,47,0,0,35.5,10.5,1,53.4,57.43
127,2023-05-12 00:00:00,53,0,0,36.6,12.3,1,60.5,56.86
128,2023-05-13 00:00:00,46,1,0,38.4,10.8,2,55.9,58
129,2023-05-14 00:00:00,63,1,0,39.2,11,3,47.9,57.43
130,2023-05-15 00:00:00,59,0,0,36.2,9.2,1,54.1,58.29
131,2023-05-16 00:00:00,77,0,0,34.4,10.3,1,53.3,58.71
132,2023-05-17 00:00:00,57,0,0,34.8,11.3,1,45.5,58.43
133,2023-05-18 00:00:00,53,0,0,37.3,10.9,1,50.6,58
134,2023-05-19 00:00:00,56,0,0,36.2,9.8,1,37.5,60
135,2023-05-20 00:00:00,44,1,0,38.9,9.8,0,36.6,56.71
136,2023-05-21 00:00:00,60,1,0,38.9,8.7,0,41.9,57.43
137,2023-05-22 00:00:00,73,0,0,36.3,9.9,4,40.6,57.86
138,2023-05-23 00:00:00,54,0,0,35.8,12.1,1,37.2,57.71
139,2023-05-24 00:00:00,62,0,0,36.1,11,1,43.3,57.43
140,2023-05-25 00:00:00,56,0,0,35.3,10.7,1,42.6,55.71
141,2023-05-26 00:00:00,55,0,0,36.7,10.3,1,44.8,54.86
142,2023-05-27 00:00:00,42,1,0,37.4,9.8,1,42.1,56.57
143,2023-05-28 00:00:00,48,1,0,37.1,9.6,1,46.5,56.57
144,2023-05-29 00:00:00,67,0,1,36.3,11.8,1,44.2,56.43
145,2023-05-30 00:00:00,66,0,0,34.6,10.7,1,56.1,54.71
146,2023-05-31 00:00:00,62,0,0,35,11.1,1,46.7,56
147,2023-06-01 00:00:00,55,0,0,35.1,9.6,3,60.5,57.43
148,2023-06-03 00:00:00,51,1,0,36.8,11,0,50.4,57.57
149,2023-06-04 00:00:00,58,1,0,38.1,9.3,0,62.9,57.57
150,2023-06-05 00:00:00,57,0,0,37.4,9.6,1,59.2,55.86
151,2023-06-06 00:00:00,77,0,0,34.2,11.5,1,62.9,57.14
152,2023-06-08 00:00:00,43,0,0,36.6,11.5,1,61.3,56
153,2023-06-09 00:00:00,52,0,0,36.2,10.5,1,57.1,57.71
154,2023-06-10 00:00:00,41,1,0,,10.9,2,62.6,54.71
155,2023-06-11 00:00:00,60,1,0,38.2,8.7,1,57.4,55.14
156,2023-06-12 00:00:00,69,0,0,36.4,11.7,2,58.6,56.71
157,2023-06-13 00:00:00,56,0,0,35.6,11.4,2,45.5,56.71
158,2023-06-15 00:00:00,54,0,0,35.8,9.9,3,47.4,58.57
159,2023-06-16 00:00:00,52,0,0,37.4,7.9,2,54.5,56.43
160,2023-06-17 00:00:00,62,1,0,37.4,10.1,2,48.4,56.14
161,2023-06-18 00:00:00,52,1,0,38.1,9.2,0,45.1,54.14
162,2023-06-19 00:00:00,54,0,0,36,9.1,0,44.5,53.43
163,2023-06-20 00:00:00,54,0,0,35.6,8.4,0,37.3,52.86
164,2023-06-21 00:00:00,51,0,0,34.6,11.9,1,47,51
165,2023-06-22 00:00:00,49,0,0,35.3,9.4,1,48,52
166,2023-06-23 00:00:00,48,0,0,38,11.9,17,41.6,52.71
167,2023-06-24 00:00:00,49,1,0,38.9,9.8,0,46.9,55.29
168,2023-06-25 00:00:00,59,1,0,38.5,8,0,39.1,55.71
169,2023-06-26 00:00:00,59,0,0,36.3,8.8,1,39.4,58.86
170,2023-06-27 00:00:00,72,0,0,35.6,11.6,0,44.3,59.14
171,2023-06-28 00:00:00,54,0,0,36.1,9.9,2,47.7,57.71
172,2023-06-29 00:00:00,71,0,0,36,9.3,4,46.3,55.57
173,2023-06-30 00:00:00,50,0,0,38.8,10.1,0,52.2,56.14
174,2023-07-01 00:00:00,,1,0,38.5,10.6,2,53.3,54.14
175,2023-07-02 00:00:00,44,1,0,38.3,11.7,4,50.1,55.29
176,2023-07-03 00:00:00,63,0,0,36.9,12.1,0,58,52.71
177,2023-07-04 00:00:00,58,0,0,,10.4,1,60.9,51.86
178,2023-07-05 00:00:00,62,0,0,35.2,8.6,0,59.3,51.86
179,2023-07-06 00:00:00,53,0,0,36.5,10.3,1,64.1,51.29
180,2023-07-07 00:00:00,44,0,0,37.9,10.3,0,55.1,50.14
181,2023-07-08 00:00:00,39,1,0,37.7,8.4,0,61.8,51.43
182,2023-07-09 00:00:00,40,1,0,37.3,8.6,2,54.8,50.71
183,2023-07-10 00:00:00,55,0,0,35.9,,0,54.2,48.57
184,2023-07-11 00:00:00,67,0,0,36.3,10.3,2,54.9,48.86
185,2023-07-12 00:00:00,57,0,0,34.6,10.5,1,52.1,50.29
186,2023-07-13 00:00:00,38,0,0,34.5,9.2,3,51.9,51
187,2023-07-14 00:00:00,46,0,0,37.6,9.5,4,,51.71
188,2023-07-15 00:00:00,49,1,0,40.1,8.5,0,53.3,50.71
189,2023-07-16 00:00:00,45,1,0,38.3,10.7,2,46.6,49.14
190,2023-07-17 00:00:00,60,0,0,37.8,11.4,0,39.6,51.14
191,2023-07-18 00:00:00,60,0,0,36,8.5,1,48.7,51.57
192,2023-07-19 00:00:00,46,0,0,35.4,9.2,1,39.2,52.43
193,2023-07-20 00:00:00,52,0,0,36.8,7.7,1,41.1,54.71
194,2023-07-21 00:00:00,49,0,0,37.2,9.1,1,42.3,52.86
195,2023-07-22 00:00:00,55,1,0,38.6,9.9,0,40.9,51.71
196,2023-07-23 00:00:00,61,1,0,38.6,8.1,2,44.4,53.71
197,2023-07-24 00:00:00,47,0,0,36.8,9.3,3,42.4,53.86
198,2023-07-25 00:00:00,52,0,0,36.8,9.2,2,37.9,53.86
199,2023-07-26 00:00:00,60,0,0,35.4,10.1,0,51.3,57.43
200,2023-07-27 00:00:00,53,0,0,35.7,10.2,1,44.9,56.86
201,2023-07-28 00:00:00,49,0,0,37.9,9.1,0,45.3,60
202,2023-07-29 00:00:00,80,1,0,37.8,10.4,1,51.8,62.43
203,2023-07-30 00:00:00,57,1,0,38.4,9.8,1,51,62.71
204,2023-07-31 00:00:00,69,0,0,37.4,9.6,3,,61.71
205,2023-08-01 00:00:00,69,0,0,36.9,12.1,3,64,62.14
206,2023-08-02 00:00:00,62,0,0,36,12,2,54.8,56.43
207,2023-08-03 00:00:00,46,0,0,36.2,8.6,0,56.2,55.57
208,2023-08-04 00:00:00,52,0,0,38.1,11,1,59.1,53.57
209,2023-08-05 00:00:00,40,1,0,39.5,12.2,1,63.8,52.57
210,2023-08-06 00:00:00,51,1,0,38.9,8.9,2,53.9,54.86
211,2023-08-07 00:00:00,55,0,0,37.4,11.7,3,52.1,53
212,2023-08-08 00:00:00,62,0,0,35.3,12.6,1,57.2,53
213,2023-08-09 00:00:00,78,0,0,35,9.1,3,52.1,52
214,2023-08-10 00:00:00,33,0,0,36.1,8.7,1,55.7,51.71
215,2023-08-11 00:00:00,52,0,0,37.2,11.3,0,57.9,53.86
216,2023-08-12 00:00:00,33,1,0,38.5,9.9,2,50.5,53.86
217,2023-08-13 00:00:00,49,1,0,38.6,10.7,1,46.4,49.57
218,2023-08-14 00:00:00,70,0,0,37.9,10.6,2,50.3,51.14
219,2023-08-15 00:00:00,62,0,0,36.2,10.9,2,51.4,51.29
220,2023-08-16 00:00:00,48,0,0,36.1,9.5,3,39.2,52.43
221,2023-08-17 00:00:00,44,0,0,36.5,10.6,0,47.4,53.57
222,2023-08-18 00:00:00,53,0,0,36.3,11.5,3,45.8,52.29
223,2023-08-19 00:00:00,41,1,0,38,9,2,45.2,51.57
224,2023-08-20 00:00:00,57,1,0,38.5,9.9,2,45.4,56
225,2023-08-21 00:00:00,61,0,0,36.7,9,3,48.9,58
226,2023-08-22 00:00:00,57,0,0,36.8,11.1,0,38.6,54.43
227,2023-08-23 00:00:00,79,0,0,36.9,10.6,1,40.9,55.86
228,2023-08-24 00:00:00,58,0,0,37.3,9.7,2,39.7,54.86
229,2023-08-25 00:00:00,28,0,0,37.6,,0,42.6,56.14
230,2023-08-27 00:00:00,50,1,0,38.8,11,1,40.6,53.14
231,2023-08-28 00:00:00,70,0,1,37.4,9.2,1,44.5,53.14
232,2023-08-29 00:00:00,56,0,0,36,10.3,2,55.5,57.29
233,2023-08-30 00:00:00,59,0,0,35.7,11,0,56.2,55.57
234,2023-08-31 00:00:00,58,0,0,36.3,10.6,1,52.6,56.14
235,2023-09-01 00:00:00,57,0,0,38,8.7,0,59.3,54.57
236,2023-09-02 00:00:00,39,1,0,,9.9,2,58.8,55
237,2023-09-03 00:00:00,54,1,0,38.8,11,2,64.7,57.71
238,2023-09-04 00:00:00,59,0,0,38,10.3,2,59.8,57.71
239,2023-09-05 00:00:00,59,0,0,37.3,8.3,1,64,55
240,2023-09-06 00:00:00,78,0,0,36.6,12.5,2,70.5,58.14
241,2023-09-07 00:00:00,58,0,0,35.6,12,22,61.9,61.86
242,2023-09-08 00:00:00,38,0,0,36.1,8.7,2,58.9,64.14
243,2023-09-09 00:00:00,61,1,0,39.5,10.4,0,60.3,63.14
244,2023-09-10 00:00:00,80,1,0,37.9,9.6,1,54.4,60.29
245,2023-09-11 00:00:00,75,0,0,37.6,10.7,0,63.6,61.86
246,2023-09-12 00:00:00,52,0,0,35.7,10.7,3,52.8,62.86
247,2023-09-13 00:00:00,58,0,0,34.8,10.8,15,48.9,62.43
248,2023-09-14 00:00:00,69,0,0,37.1,9.4,0,44.6,60.71
249,2023-09-15 00:00:00,45,0,0,38.5,8.7,2,,58.14
250,2023-09-16 00:00:00,58,1,0,38.6,9.3,0,47.6,60.43
251,2023-09-17 00:00:00,68,1,0,37.1,10.2,1,40.6,56.71
252,2023-09-18 00:00:00,57,0,0,37.5,10.9,8,43.6,53.57
253,2023-09-19 00:00:00,68,0,0,36.9,9.2,1,34.5,54.43
254,2023-09-20 00:00:00,32,0,0,35.1,11.1,0,40.8,52.29
255,2023-09-21 00:00:00,47,0,0,36.9,12.5,1,41.9,53.86
256,2023-09-22 00:00:00,51,0,0,38,9.1,0,47.3,53.43
257,2023-09-23 00:00:00,43,1,0,39.4,10.6,0,,53.14
258,2023-09-24 00:00:00,79,1,0,39.1,11.3,0,37.5,58.29
259,2023-09-25 00:00:00,54,0,0,37.2,10.8,2,40.5,62.29
260,2023-09-26 00:00:00,66,0,0,37.5,,1,40.6,60.86
261,2023-09-27 00:00:00,68,0,0,36.1,10.2,3,53.3,64.71
262,2023-09-28 00:00:00,75,0,0,36.8,10.5,3,56.2,62.57
263,2023-09-29 00:00:00,41,0,0,37.5,8.6,2,53.4,63.43
264,2023-09-30 00:00:00,70,1,0,38.8,10.8,3,59,65
265,2023-10-01 00:00:00,64,1,0,38.4,12.2,1,56.4,65.29
266,2023-10-02 00:00:00,60,0,0,37.9,9.2,0,57.1,62.43
267,2023-10-03 00:00:00,77,0,0,38,10.7,1,57.3,64.86
268,2023-10-04 00:00:00,70,0,0,35.3,11.5,1,58.3,62.71
269,2023-10-05 00:00:00,55,0,0,35.8,10.7,1,53.8,63.14
270,2023-10-06 00:00:00,58,0,0,39.2,10.9,1,61,65.86
271,2023-10-07 00:00:00,55,1,0,39,13.6,0,59.3,67.86
272,2023-10-08 00:00:00,67,1,0,38.6,9.6,0,61.6,66
273,2023-10-09 00:00:00,79,0,0,38.8,8.7,8,57.8,70.57
274,2023-10-10 00:00:00,91,0,0,,11.4,1,55.2,67.71
275,2023-10-11 00:00:00,57,0,0,37.6,11.7,1,50.6,68.43
276,2023-10-12 00:00:00,87,0,0,37.4,9.9,3,52.4,69.43
277,2023-10-14 00:00:00,60,1,0,40.8,8.6,1,43.3,66
278,2023-10-15 00:00:00,74,1,0,38.8,11.5,0,46.3,67.86
279,2023-10-16 00:00:00,77,0,0,38.7,10.4,0,45.1,64
280,2023-10-17 00:00:00,69,0,0,37.1,13.7,1,39.7,66.43
281,2023-10-18 00:00:00,70,0,0,37.3,12.7,1,39,68.29
282,2023-10-19 00:00:00,60,0,0,38.1,10.6,1,41.4,68.29
283,2023-10-20 00:00:00,55,0,0,38.4,8.9,0,35.5,67.14
284,2023-10-21 00:00:00,73,1,0,38.8,11.4,1,41.5,69.86
285,2023-10-23 00:00:00,69,0,0,37.7,11,1,45.6,73.43
286,2023-10-24 00:00:00,88,0,0,38.4,10.8,1,51.9,75.71
287,2023-10-25 00:00:00,78,0,0,36.6,8.5,1,40.7,73.29
288,2023-10-26 00:00:00,77,0,0,36.9,10.4,4,48.1,72.14
289,2023-10-27 00:00:00,71,0,0,38.5,9.4,1,45,74.71
290,2023-10-28 00:00:00,56,1,0,38.4,10.3,0,54.2,74.57
291,2023-10-29 00:00:00,66,1,0,38.6,12.7,0,47,74.29
292,2023-10-30 00:00:00,87,0,0,,9.3,1,56,73.43
293,2023-10-31 00:00:00,87,0,0,36.6,12.5,1,52.4,74.71
294,2023-11-01 00:00:00,76,0,0,35.8,10.8,1,56.6,75.43
295,2023-11-02 00:00:00,71,0,0,37.6,10.7,1,54.5,77.43
296,2023-11-03 00:00:00,80,0,0,39.3,11.8,3,62.8,76.14
297,2023-11-04 00:00:00,61,1,0,40,10.6,1,56.6,75.14
298,2023-11-05 00:00:00,80,1,0,40.1,11.3,1,62.2,77.29
299,2023-11-06 00:00:00,78,0,0,37.8,12.6,0,58.1,78.71
300,2023-11-07 00:00:00,80,0,0,36.1,11.1,0,58.2,78.29
301,2023-11-08 00:00:00,91,0,0,37.7,,3,58,81.71
302,2023-11-09 00:00:00,81,0,0,37,9.5,0,52.8,81.14
303,2023-11-10 00:00:00,,0,0,,10.2,2,54.9,82.86
304,2023-11-11 00:00:00,85,1,0,40.5,14,1,58.2,83
305,2023-11-12 00:00:00,76,1,0,39.9,12.7,2,46.9,82
306,2023-11-13 00:00:00,90,0,0,38.7,9.5,1,52.6,80.71
307,2023-11-14 00:00:00,81,0,0,38.7,9.6,8,51.9,79.86
308,2023-11-15 00:00:00,84,0,0,36.2,12.2,0,40.9,78.86
309,2023-11-16 00:00:00,72,0,0,38,11.9,5,36.7,77.71
310,2023-11-17 00:00:00,71,0,0,38.6,11.7,1,42.5,80.43
311,2023-11-19 00:00:00,68,1,0,40.6,10.9,0,47.5,77.14
312,2023-11-21 00:00:00,74,0,0,37.6,11.3,0,,81
313,2023-11-22 00:00:00,68,0,0,37.5,8.7,0,36.8,81.43
314,2023-11-23 00:00:00,89,0,0,37.1,10.6,0,46.9,84.14
315,2023-11-24 00:00:00,81,0,0,38.1,9.8,0,41.8,80.86
316,2023-11-25 00:00:00,81,1,0,38.9,11.3,2,46.1,81.29
317,2023-11-26 00:00:00,87,1,0,38.2,14.3,1,51.7,83.71
318,2023-11-27 00:00:00,86,0,0,40,12.8,0,48.1,80.86
319,2023-11-28 00:00:00,77,0,0,36.5,10.6,2,51.9,81.43
320,2023-11-29 00:00:00,85,0,0,36.7,11.8,0,54,80.29
321,2023-11-30 00:00:00,69,0,0,37.3,12.1,2,58.6,78
322,2023-12-01 00:00:00,85,0,0,39,11.7,0,,77.71
323,2023-12-02 00:00:00,73,1,0,40.3,12,1,57.8,80.29
324,2023-12-04 00:00:00,84,0,0,38.2,10.1,1,58.5,79.43
325,2023-12-05 00:00:00,95,0,0,37.3,11.6,1,54,78.43
326,2023-12-07 00:00:00,69,0,0,37.4,11.4,0,66.2,80.29
327,2023-12-08 00:00:00,78,0,0,39.9,10.3,0,53.9,80.29
328,2023-12-09 00:00:00,80,1,0,40.1,10.4,1,52.8,80.14
329,2023-12-10 00:00:00,77,1,0,40.3,10.5,1,50.6,78.71
330,2023-12-11 00:00:00,84,0,0,39.2,12.5,1,55,77.86
331,2023-12-12 00:00:00,94,0,0,38.3,12.9,0,51.8,76.29
332,2023-12-13 00:00:00,69,0,0,37.1,9.7,1,47.3,75.57
333,2023-12-14 00:00:00,63,0,0,36.7,10.8,3,42.3,77.14
334,2023-12-15 00:00:00,67,0,0,39.2,10.3,1,44.5,80.71
335,2023-12-16 00:00:00,75,1,0,39.4,,0,36.3,82
336,2023-12-17 00:00:00,88,1,0,39.4,10.8,1,41.9,84.43
337,2023-12-18 00:00:00,109,0,0,39.2,11,1,44,87
338,2023-12-19 00:00:00,103,0,0,38.4,14.7,2,35,86.71
339,2023-12-20 00:00:00,86,0,0,37,11.3,2,33.9,87.29
340,2023-12-21 00:00:00,81,0,0,37.9,8.9,0,46.8,86.43
341,2023-12-22 00:00:00,65,0,0,40.1,10,1,38.9,84.57
342,2023-12-23 00:00:00,79,1,0,,12.2,2,47.1,81.71
343,2023-12-24 00:00:00,82,1,0,41.7,14,2,43.5,83.14
344,2023-12-25 00:00:00,96,0,1,39.2,10.5,1,45.3,86.14
345,2023-12-26 00:00:00,83,0,1,36.4,9.9,4,49.7,87.86
346,2023-12-27 00:00:00,96,0,0,37.6,13.7,2,46.5,88.71
347,2023-12-28 00:00:00,102,0,0,38,11.7,4,52.6,90.71
348,2023-12-29 00:00:00,77,0,0,39.9,9.6,2,52.5,89.57
349,2023-12-30 00:00:00,85,1,0,40.5,11.8,1,50.6,91.71
350,2023-12-31 00:00:00,96,1,0,39.9,8.1,2,58.8,91
351,2024-01-01 00:00:00,88,0,1,38.1,11.8,18,57.6,88.57
352,2024-01-02 00:00:00,98,0,0,37.5,11.7,2,58.9,87.43
353,2024-01-03 00:00:00,91,0,0,36.6,12.9,0,55.1,86.86
354,2024-01-04 00:00:00,85,0,0,37.4,10.9,2,66.3,86.57
355,2024-01-05 00:00:00,69,0,0,39.5,11.2,3,63,90.14
356,2024-01-06 00:00:00,81,1,0,41.3,10.3,2,62.5,91.57
357,2024-01-07 00:00:00,94,1,0,40.3,12.1,1,56.2,95.71
358,2024-01-08 00:00:00,113,0,0,38.1,10.4,1,49,94.14
359,2024-01-09 00:00:00,108,0,0,38,11.4,0,61.9,97.43
360,2024-01-10 00:00:00,120,0,0,38.1,10.4,0,51.8,97.86
361,2024-01-11 00:00:00,74,0,0,37.4,12.2,0,47,101.14
362,2024-01-12 00:00:00,92,0,0,39.1,11.8,1,49.6,97
363,2024-01-14 00:00:00,117,1,0,39.5,11.8,3,44,88.57
364,2024-01-15 00:00:00,84,0,0,39.5,10.8,2,47.7,86
365,2024-01-16 00:00:00,85,0,0,37.7,12,1,45.7,83.29
366,2024-01-17 00:00:00,84,0,0,37.6,12.7,1,36.2,81.57
367,2024-01-18 00:00:00,56,0,0,37.3,14.1,1,37.4,77.86
368,2024-01-19 00:00:00,73,0,0,38.9,10.3,1,43.9,80
369,2024-01-20 00:00:00,72,1,0,40.7,13.1,2,29.6,85.29
370,2024-01-23 00:00:00,122,0,0,37.6,13.5,1,42.2,90.71
371,2024-01-24 00:00:00,105,0,0,37.5,11.8,2,44.7,93.14
372,2024-01-25 00:00:00,77,0,0,38.7,10.7,0,46.5,90.29
373,2024-01-27 00:00:00,89,1,0,39.1,12.3,0,47.7,92
374,2024-01-28 00:00:00,71,1,0,39.2,13,1,63.2,89.29
375,2024-01-29 00:00:00,120,0,0,40.1,11.2,2,63.3,87
376,2024-01-30 00:00:00,113,0,0,37.6,11.3,4,52.8,91.43
377,2024-01-31 00:00:00,86,0,0,39.2,12,0,65,90.29
378,2024-02-01 00:00:00,61,0,0,37.7,10.1,1,57.9,95.29
379,2024-02-02 00:00:00,100,0,0,39.5,10.7,1,60.5,88.57
380,2024-02-03 00:00:00,81,1,0,41.4,13,2,59.7,85
381,2024-02-04 00:00:00,106,1,0,41.7,10.3,1,56.9,85.86
382,2024-02-05 00:00:00,73,0,0,40.7,12.7,4,62.6,89.43
383,2024-02-06 00:00:00,88,0,0,38.9,12.6,0,57.9,85.71
384,2024-02-07 00:00:00,92,0,0,38.2,12.5,2,54,87.14
385,2024-02-08 00:00:00,86,0,0,38.6,7.7,1,48.8,82.43
386,2024-02-09 00:00:00,74,0,0,40,11.3,1,48.5,85.29
387,2024-02-10 00:00:00,91,1,0,40,11.5,0,43.4,86.71
388,2024-02-11 00:00:00,73,1,0,39.8,13.7,1,48,87.71
389,2024-02-12 00:00:00,93,0,0,39.3,10.3,0,41.1,89
390,2024-02-13 00:00:00,98,0,0,38,9.3,1,43.1,87.57
391,2024-02-14 00:00:00,99,0,0,37.3,12.4,1,48,83.14
392,2024-02-15 00:00:00,95,0,0,38.7,10.7,1,46.1,87.86
393,2024-02-16 00:00:00,64,0,0,40.2,9.5,3,40.4,88.71
394,2024-02-17 00:00:00,60,1,0,40.6,10.9,1,39.7,86.86
395,2024-02-18 00:00:00,106,1,0,41.5,10.7,1,47.6,88.86
396,2024-02-19 00:00:00,99,0,0,38.6,11,1,42.6,87.57
397,2024-02-20 00:00:00,85,0,0,38,9.3,2,40,92.29
398,2024-02-21 00:00:00,113,0,0,37.2,13,0,36.9,95.43
399,2024-02-22 00:00:00,86,0,0,37,13.3,3,45.7,97
400,2024-02-23 00:00:00,97,0,0,39.5,11.3,1,49.2,99.86
401,2024-02-24 00:00:00,82,1,0,40.5,9,0,45.4,100.71
402,2024-02-25 00:00:00,117,1,0,41.6,12,0,51.2,99.57
403,2024-02-26 00:00:00,119,0,0,39.9,12,1,50.6,100.57
404,2024-02-27 00:00:00,91,0,0,37.5,12.1,0,53.3,100.86
405,2024-02-28 00:00:00,105,0,0,39,13.3,2,45.9,98.57
406,2024-02-29 00:00:00,93,0,0,39.2,10.6,1,56.5,95.71
407,2024-03-01 00:00:00,99,0,0,40.1,12,0,62.5,94.14
408,2024-03-02 00:00:00,66,1,0,40.5,11.8,0,57,90.86
409,2024-03-03 00:00:00,97,1,0,39.9,14.4,1,60.2,86.14
410,2024-03-04 00:00:00,108,0,0,39.3,13.6,0,56.9,80.29
411,2024-03-05 00:00:00,68,0,0,39.1,12.6,23,61,76.71
412,2024-03-06 00:00:00,72,0,0,39.1,12.3,1,57.8,80.14
413,2024-03-07 00:00:00,52,0,0,39.5,13.4,1,53.7,81.71
414,2024-03-08 00:00:00,74,0,0,39.4,12.5,1,61.2,79.57
415,2024-03-09 00:00:00,,1,0,39.9,9.6,1,57.8,86.57
416,2024-03-10 00:00:00,108,1,0,40.8,13.6,13,49.7,86
417,2024-03-11 00:00:00,93,0,0,38.4,13.2,5,52,86.57
418,2024-03-12 00:00:00,117,0,0,38.6,10.2,0,,86.86
419,2024-03-13 00:00:00,68,0,0,37.8,10.3,1,48.5,86
420,2024-03-14 00:00:00,56,0,0,38.2,10.4,2,37.3,82.57
421,2024-03-15 00:00:00,76,0,0,38.7,11.5,1,46.6,77.71
422,2024-03-16 00:00:00,84,1,0,41.1,11.8,0,39.1,73.86
423,2024-03-17 00:00:00,84,1,0,40.4,12.7,2,39.1,73.86
424,2024-03-18 00:00:00,59,0,0,38.9,13.8,1,50.6,78.71
425,2024-03-19 00:00:00,90,0,0,,,1,41.3,79.43
426,2024-03-20 00:00:00,68,0,0,37.9,10.9,1,38.9,76.43
427,2024-03-21 00:00:00,90,0,0,39.8,11.4,0,32.5,75.14
428,2024-03-22 00:00:00,81,0,0,41,9.8,0,48.1,77.14
429,2024-03-23 00:00:00,63,1,0,40.5,11.8,2,38.7,77.14
430,2024-03-24 00:00:00,75,1,0,40.4,13.5,0,41.9,81.86
431,2024-03-26 00:00:00,90,0,0,37.8,10.6,2,55.7,78.29
432,2024-03-27 00:00:00,101,0,0,38.2,9.9,4,55.2,79
433,2024-03-28 00:00:00,64,0,0,39.2,10.3,1,53.4,78.14
434,2024-03-29 00:00:00,82,0,1,40.8,10.3,3,57.1,80
435,2024-03-30 00:00:00,68,1,0,40.9,10.1,0,55,77.57
436,2024-03-31 00:00:00,69,1,0,40.7,9.3,2,59.2,74
437,2024-04-01 00:00:00,86,0,1,39.2,10.9,1,59.8,73.29
438,2024-04-02 00:00:00,73,0,0,,12.7,1,63.8,76.43
439,2024-04-03 00:00:00,76,0,0,37.9,11,0,63.8,77.43
440,2024-04-04 00:00:00,59,0,0,39,12.4,1,61.5,77.43
441,2024-04-05 00:00:00,104,0,0,40.6,11.9,0,57.2,78
442,2024-04-06 00:00:00,75,1,0,40.4,12,0,60.4,79.86
443,2024-04-07 00:00:00,69,1,0,42,10,2,55.5,80.43
444,2024-04-08 00:00:00,90,0,0,39.7,12.5,0,49.7,84.29
445,2024-04-09 00:00:00,86,0,0,38.6,9.6,0,50.5,81.29
446,2024-04-11 00:00:00,86,0,0,37.1,10.6,2,51.6,79.86
447,2024-04-12 00:00:00,83,0,0,40.7,12.8,1,45.2,78.43
448,2024-04-13 00:00:00,64,1,0,41.6,9.6,4,39.3,73.29
449,2024-04-15 00:00:00,80,0,0,40,12.3,1,41.8,71.43
450,2024-04-16 00:00:00,50,0,0,39.1,10.3,2,41.2,73.29
451,2024-04-17 00:00:00,57,0,0,37.1,11.8,2,43.7,73.71
452,2024-04-18 00:00:00,96,0,0,38.5,9.8,1,44.1,76
453,2024-04-19 00:00:00,96,0,0,40.7,12.3,1,38.1,77.14
454,2024-04-20 00:00:00,67,1,0,40.3,9.1,3,38.9,89.14
455,2024-04-21 00:00:00,86,1,0,41.3,11.5,3,38.4,95
456,2024-04-22 00:00:00,88,0,0,39.1,12,1,46.9,91.43
457,2024-04-23 00:00:00,134,0,0,,9.2,1,51.7,85.29
458,2024-04-24 00:00:00,98,0,0,38.3,11,1,46.7,82
459,2024-04-25 00:00:00,71,0,0,37.8,12.2,2,49,81
460,2024-04-26 00:00:00,53,0,0,41,11.2,0,57.9,78.29
461,2024-04-27 00:00:00,44,1,0,40.7,9.5,0,56.1,67.71
462,2024-04-28 00:00:00,79,1,0,40.6,9.1,1,57.6,63.43
463,2024-04-30 00:00:00,60,0,0,39.7,11.5,0,61.4,66.86
464,2024-05-01 00:00:00,68,0,0,37.7,12,2,55.8,72.43
465,2024-05-02 00:00:00,54,0,0,39,10.5,2,55.4,71.71
466,2024-05-03 00:00:00,94,0,0,40.6,10.9,1,58.6,76.71
467,2024-05-04 00:00:00,83,1,0,41.8,9.4,1,57.2,80
468,2024-05-05 00:00:00,74,1,0,41.3,10.8,2,57.8,79.29
469,2024-05-06 00:00:00,104,0,1,39.9,11.6,2,51.7,85.14
470,2024-05-07 00:00:00,83,0,0,38.3,,3,59.7,82.29
471,2024-05-08 00:00:00,63,0,0,38.5,11.1,3,58.6,77.43
472,2024-05-09 00:00:00,95,0,0,38.3,10.7,2,44.3,76.71
473,2024-05-10 00:00:00,74,0,0,38.3,9.9,0,53.9,71
474,2024-05-11 00:00:00,49,1,0,41.6,12.2,2,44.7,67.29
475,2024-05-12 00:00:00,69,1,0,41.9,11.7,24,49.4,71.29
476,2024-05-13 00:00:00,64,0,0,38.6,10.9,1,43.8,72
477,2024-05-14 00:00:00,57,0,0,38.3,11,2,42.7,67.14
478,2024-05-15 00:00:00,91,0,0,38.9,10.5,2,40.6,70.86
479,2024-05-16 00:00:00,100,0,0,40.6,11.6,2,45.3,69.57
480,2024-05-17 00:00:00,40,0,0,40.4,11.4,0,35.1,70.29
481,2024-05-18 00:00:00,75,1,0,40.9,11.7,0,42.5,72
482,2024-05-19 00:00:00,60,1,0,41.2,12.1,0,44.9,67.43
483,2024-05-20 00:00:00,69,0,0,41.3,9,2,44.2,62.86
484,2024-05-21 00:00:00,69,0,0,,11,15,51.9,64
485,2024-05-22 00:00:00,59,0,0,38,13.2,2,42,63
486,2024-05-23 00:00:00,68,0,0,38.9,12.5,2,49.8,64.29
487,2024-05-24 00:00:00,48,0,0,39.8,10.9,2,47.5,64.71
488,2024-05-25 00:00:00,68,1,0,41.6,13.4,1,54.9,63.71
489,2024-05-26 00:00:00,69,1,0,42.6,11.6,0,52,64.29
490,2024-05-27 00:00:00,72,0,1,40.6,11.1,1,52.5,65.86
491,2024-05-28 00:00:00,62,0,0,39,12,0,61.1,69
492,2024-05-29 00:00:00,63,0,0,38.4,10.5,0,55.5,65.86
493,2024-05-31 00:00:00,70,0,0,41.2,9.5,8,57.4,68.29
494,2024-06-01 00:00:00,46,1,0,41.5,12.6,1,62.4,66.14
495,2024-06-02 00:00:00,70,1,0,41.4,9.8,1,65.5,68.71
496,2024-06-03 00:00:00,88,0,0,42.7,12.7,1,60,65
497,2024-06-04 00:00:00,47,0,0,39.4,11.1,2,63.9,65
498,2024-06-05 00:00:00,81,0,0,38.2,8.8,1,52,65.29
499,2024-06-06 00:00:00,53,0,0,39,11.6,20,54.1,60.43
500,2024-06-07 00:00:00,70,0,0,41.4,8.3,3,52.9,54.29
501,2024-06-08 00:00:00,48,1,0,41.7,10.6,1,51.6,58.43
502,2024-06-09 00:00:00,36,1,0,40.6,11.9,1,50.3,57.57
503,2024-06-10 00:00:00,45,0,0,41.2,10.8,1,50.7,56.86
504,2024-06-11 00:00:00,76,0,0,38.8,10,21,44.2,56.86
505,2024-06-12 00:00:00,75,0,0,40.1,13.6,2,44.7,54.43
506,2024-06-13 00:00:00,48,0,0,40.2,9.5,1,42.4,58.57
507,2024-06-14 00:00:00,70,0,0,40.4,9.5,0,37.6,59.43
508,2024-06-15 00:00:00,31,1,0,42.6,11.7,1,40,57.57
509,2024-06-16 00:00:00,65,1,0,41.7,11.8,0,39.5,57
510,2024-06-17 00:00:00,51,0,0,,9.8,1,39.4,56.86
511,2024-06-18 00:00:00,63,0,0,39.7,12.3,1,40.6,54.14
512,2024-06-19 00:00:00,71,0,0,38.3,12.6,2,41.6,60.86
513,2024-06-20 00:00:00,47,0,0,39,9,1,40.8,59.57
514,2024-06-21 00:00:00,51,0,0,,10.2,2,49.2,64.71
515,2024-06-22 00:00:00,78,1,0,41.5,10.7,0,41.3,63.29
516,2024-06-23 00:00:00,56,1,0,41.4,12.6,2,45,64.43
517,2024-06-24 00:00:00,87,0,0,40,10.7,0,61.1,70.29
518,2024-06-25 00:00:00,53,0,0,39.7,,2,47.9,64.86
519,2024-06-26 00:00:00,79,0,0,40.4,13.2,1,48.7,60.14
520,2024-06-27 00:00:00,88,0,0,38.8,9.2,1,58.8,63
521,2024-06-28 00:00:00,13,0,0,40.9,9.6,1,49.1,60.29
522,2024-06-29 00:00:00,45,1,0,42.8,11.5,3,57.7,64.14
523,2024-07-01 00:00:00,68,0,0,41,12.5,2,53.8,57.57
524,2024-07-04 00:00:00,63,0,0,39.5,11.6,1,62.3,67.57
525,2024-07-05 00:00:00,54,0,0,41.6,9.2,2,61.9,68.86
526,2024-07-06 00:00:00,80,1,0,42.7,6.8,2,53.8,66.71
527,2024-07-07 00:00:00,70,1,0,43.7,10.7,1,56.8,66.86
528,2024-07-08 00:00:00,77,0,0,,11,0,57.6,65.43
529,2024-07-09 00:00:00,65,0,0,39.8,9.8,1,57.1,66.86
530,2024-07-10 00:00:00,59,0,0,39.2,10.8,0,46.9,62.71
531,2024-07-11 00:00:00,53,0,0,39.4,10.3,2,36.7,62.71
532,2024-07-12 00:00:00,64,0,0,41.2,12.3,24,40.8,67.29
533,2024-07-13 00:00:00,51,1,0,41.8,13.1,2,40.9,70.71
534,2024-07-14 00:00:00,70,1,0,42,10.2,1,40.3,71.14
535,2024-07-15 00:00:00,109,0,0,41.8,10.9,0,39.7,75.43
536,2024-07-16 00:00:00,89,0,0,38.9,10.5,1,44.5,73.29
537,2024-07-17 00:00:00,62,0,0,39.9,9.8,1,,69
538,2024-07-18 00:00:00,83,0,0,40.7,10.4,2,39.8,65.57
539,2024-07-19 00:00:00,49,0,0,41,9.7,3,45.7,55.14
540,2024-07-20 00:00:00,21,1,0,40.6,8.7,1,44,51.86
541,2024-07-21 00:00:00,46,1,0,41.6,11.5,1,44.4,52.86
542,2024-07-22 00:00:00,36,0,0,41.8,13.1,1,49.6,54.29
543,2024-07-23 00:00:00,66,0,0,39.7,10.6,0,48.2,56.29
544,2024-07-24 00:00:00,69,0,0,38.5,11.6,1,58.2,61.14
545,2024-07-25 00:00:00,93,0,0,39.5,10.6,1,46.3,66.14
546,2024-07-26 00:00:00,63,0,0,41.7,10.3,1,52,65.29
547,2024-07-27 00:00:00,55,1,0,42.5,9.8,2,55.4,66.86
548,2024-07-28 00:00:00,81,1,0,41.9,9.8,1,59.2,68.86
549,2024-07-29 00:00:00,30,0,0,40.8,10,1,,60.43
550,2024-07-30 00:00:00,77,0,0,39.5,10,2,59.4,62.71
551,2024-07-31 00:00:00,83,0,0,38.6,10.5,0,54.3,64.29
552,2024-08-01 00:00:00,34,0,0,41,11.5,1,63.3,61
553,2024-08-02 00:00:00,79,0,0,41,9.6,2,62.5,68.71
554,2024-08-03 00:00:00,66,1,0,43,10,1,50.9,74.43
555,2024-08-04 00:00:00,58,1,0,43.2,9.4,2,57.4,73
556,2024-08-05 00:00:00,84,0,0,41.8,8.6,0,49.5,77.71
557,2024-08-07 00:00:00,73,0,0,39.6,11,0,48.5,70.43
558,2024-08-08 00:00:00,67,0,0,40,9.1,1,53.2,73.86
559,2024-08-09 00:00:00,50,0,0,40.6,11.1,1,48.4,69.86
560,2024-08-10 00:00:00,,1,0,42.5,11.2,0,40.8,64
561,2024-08-11 00:00:00,82,1,0,41.4,11.4,0,47.6,62.29
562,2024-08-12 00:00:00,56,0,0,42,10.6,0,36.8,63.14
563,2024-08-13 00:00:00,76,0,0,39.6,11.2,1,42.7,65.43
564,2024-08-14 00:00:00,61,0,0,39.6,9.7,0,37.2,70.71
565,2024-08-15 00:00:00,73,0,0,40.2,10.1,1,38.6,67.14
566,2024-08-16 00:00:00,66,0,0,41.2,9.6,3,42.1,68.86
567,2024-08-17 00:00:00,81,1,0,42.7,8.8,0,42.6,66
568,2024-08-18 00:00:00,57,1,0,41.9,9.7,1,46.7,66.29
569,2024-08-19 00:00:00,68,0,0,41.8,9.7,3,42.2,66.14
570,2024-08-20 00:00:00,56,0,0,39,11.3,1,45.3,67.43
571,2024-08-21 00:00:00,63,0,0,39.6,11.2,1,44.2,62.14
572,2024-08-22 00:00:00,72,0,0,41.5,10.3,1,48.6,66.14
573,2024-08-23 00:00:00,75,0,0,40.7,10.1,1,51.8,70.86
574,2024-08-24 00:00:00,44,1,0,41.9,10.1,2,51.7,75
575,2024-08-25 00:00:00,85,1,0,42.7,10.2,1,46.9,81.57
576,2024-08-26 00:00:00,101,0,1,41.4,9.7,2,57.2,78.43
577,2024-08-27 00:00:00,85,0,0,40.3,10.9,1,58.9,73
578,2024-08-28 00:00:00,109,0,0,39.9,8.4,3,55.9,70.71
579,2024-08-29 00:00:00,50,0,0,40.6,10.4,2,54.4,72.71
580,2024-08-30 00:00:00,37,0,0,42.3,11.4,1,65.8,71
581,2024-08-31 00:00:00,28,1,0,,10,2,61.9,69.86
582,2024-09-01 00:00:00,99,1,0,42.2,14.6,2,58.6,65.57
583,2024-09-02 00:00:00,89,0,0,,12.5,0,54.1,64.86
584,2024-09-03 00:00:00,77,0,0,41.4,10.2,1,54.1,75.43
585,2024-09-04 00:00:00,79,0,0,39.5,12.2,0,61.1,81
586,2024-09-05 00:00:00,45,0,0,39.6,7.9,1,54.6,77.29
587,2024-09-06 00:00:00,111,0,0,42.3,9.4,0,49.9,77.71
588,2024-09-07 00:00:00,67,1,0,42.4,8.1,1,,79.43
589,2024-09-08 00:00:00,73,1,0,41,13.1,3,44.7,79.57
590,2024-09-09 00:00:00,92,0,0,42,10.9,3,51.9,80.71
591,2024-09-10 00:00:00,89,0,0,39.8,10.9,3,49.5,75.43
592,2024-09-11 00:00:00,80,0,0,39.6,10.4,1,40.7,80.71
593,2024-09-12 00:00:00,53,0,0,,11.9,0,38.8,84.57
594,2024-09-13 00:00:00,74,0,0,41.8,12.1,1,30,87.29
595,2024-09-14 00:00:00,104,1,0,43.1,12.9,1,34.1,84.71
596,2024-09-15 00:00:00,100,1,0,42.2,11.9,1,34.7,81.43
597,2024-09-16 00:00:00,111,0,0,41.9,12.3,2,41,83.57
598,2024-09-17 00:00:00,71,0,0,40.1,12,0,40,82.57
599,2024-09-18 00:00:00,57,0,0,40.3,11.7,0,37.2,80.57
600,2024-09-19 00:00:00,68,0,0,40.8,7.8,2,43,72
601,2024-09-20 00:00:00,67,0,0,41,10.6,0,48,72.14
602,2024-09-21 00:00:00,90,1,0,43.4,13.2,3,50,73.43
603,2024-09-22 00:00:00,40,1,0,42.2,11.9,0,42.4,75.29
604,2024-09-23 00:00:00,112,0,0,42.1,10.8,0,51.6,72.86
605,2024-09-24 00:00:00,80,0,0,40.6,10.8,0,48.5,68.14
606,2024-09-25 00:00:00,,0,0,41.1,12.3,0,59.5,67.71
607,2024-09-26 00:00:00,51,0,0,40.3,12.2,0,60.6,73.14
608,2024-09-27 00:00:00,34,0,0,41.5,10.6,0,55.1,65.14
609,2024-09-28 00:00:00,87,1,0,42.7,12.7,2,56.4,62
610,2024-09-29 00:00:00,78,1,0,42.5,9.2,2,58.1,62.57
611,2024-09-30 00:00:00,56,0,0,42.2,10.4,1,50.9,70.71
612,2024-10-01 00:00:00,58,0,0,39.3,10.1,1,60.9,75.14
613,2024-10-02 00:00:00,74,0,0,39.2,12.7,1,57.6,68.57
614,2024-10-03 00:00:00,108,0,0,39.8,9.7,0,61.3,67.86
615,2024-10-04 00:00:00,65,0,0,42.5,9.1,1,51.5,71.14
616,2024-10-05 00:00:00,41,1,0,44,11.1,5,51.6,67.29
617,2024-10-06 00:00:00,73,1,0,42.7,13.4,3,46.1,68.29
618,2024-10-07 00:00:00,79,0,0,41.6,12.2,3,46,63
619,2024-10-08 00:00:00,31,0,0,40.5,13,0,43.2,66
620,2024-10-09 00:00:00,81,0,0,40.8,10.8,1,49.9,76.14
621,2024-10-10 00:00:00,71,0,0,40,12.7,2,41.3,80.57
622,2024-10-11 00:00:00,86,0,0,42.1,8.8,1,43.1,80.86
623,2024-10-12 00:00:00,112,1,0,43.6,11.4,2,39.8,85.86
624,2024-10-13 00:00:00,104,1,0,43.2,9.5,1,35.4,94
625,2024-10-14 00:00:00,81,0,0,41.9,11.4,2,39.4,95.14
626,2024-10-15 00:00:00,66,0,0,41.2,7.9,1,42.5,93.43
627,2024-10-16 00:00:00,138,0,0,38.1,10.5,2,35.7,88.14
628,2024-10-17 00:00:00,79,0,0,41.2,9.8,1,,85.57
629,2024-10-18 00:00:00,74,0,0,41.5,10.7,1,39.2,86.29
630,2024-10-19 00:00:00,75,1,0,41.7,11.8,3,42.2,88.14
631,2024-10-20 00:00:00,86,1,0,43.3,11.5,1,48.1,79.14
632,2024-10-21 00:00:00,86,0,0,42.8,12.2,2,45.3,79.14
633,2024-10-22 00:00:00,79,0,0,40.5,9.3,18,50.2,77.71
634,2024-10-23 00:00:00,75,0,0,40.8,13.8,1,50.8,76
635,2024-10-26 00:00:00,63,1,0,44.2,10.1,2,50.1,82.71
636,2024-10-27 00:00:00,87,1,0,43.5,11.2,1,61.1,76.57
637,2024-10-28 00:00:00,86,0,0,42,12.9,2,63.7,80.29
638,2024-10-29 00:00:00,125,0,0,39.6,11.4,0,56.3,86.14
639,2024-10-30 00:00:00,32,0,0,40,10.4,0,59,82.29
640,2024-10-31 00:00:00,105,0,0,40.2,11.7,0,60.7,81.14
641,2024-11-01 00:00:00,,0,0,43.6,9.2,2,61.4,81
642,2024-11-02 00:00:00,36,1,0,43,11.3,0,49.3,72.43
643,2024-11-03 00:00:00,79,1,0,43.1,12,2,52.3,78.43
644,2024-11-04 00:00:00,85,0,0,42.4,11.1,1,52.7,72
645,2024-11-05 00:00:00,65,0,0,40.8,12,0,54.9,73.86
646,2024-11-06 00:00:00,74,0,0,41.4,8.2,13,60,83.29
647,2024-11-07 00:00:00,60,0,0,40.5,12.8,2,47,88.57
648,2024-11-08 00:00:00,118,0,0,42.3,13.7,2,40.3,92.29
649,2024-11-09 00:00:00,102,1,0,42.6,8.7,1,45.7,93.29
650,2024-11-10 00:00:00,116,1,0,,11.7,0,47.9,94.29
651,2024-11-12 00:00:00,72,0,0,40.8,9.9,0,36.9,90.57
652,2024-11-13 00:00:00,81,0,0,40,10.9,2,43.9,90.14
653,2024-11-14 00:00:00,97,0,0,40.5,9.3,3,42.7,85.71
654,2024-11-15 00:00:00,55,0,0,41.3,11.6,2,36.4,82.57
655,2024-11-16 00:00:00,99,1,0,43.2,11.3,1,42.9,88.57
656,2024-11-17 00:00:00,85,1,0,42.1,13,1,46.6,91.86
657,2024-11-18 00:00:00,89,0,0,42.7,12.2,1,48.8,89.43
658,2024-11-19 00:00:00,114,0,0,40.9,8.2,1,45.7,97.14
659,2024-11-20 00:00:00,104,0,0,39.4,8.7,0,46.5,91.86
660,2024-11-21 00:00:00,80,0,0,40.8,11.2,2,,94.86
661,2024-11-22 00:00:00,109,0,0,41.8,10.7,0,47.2,98.14
662,2024-11-23 00:00:00,62,1,0,43.5,8.7,3,55.8,95.29
663,2024-11-24 00:00:00,106,1,0,44.2,10.8,1,50.4,95.29
664,2024-11-25 00:00:00,112,0,0,40.9,10.9,0,61.7,92.71
665,2024-11-26 00:00:00,94,0,0,41,14.2,3,57.6,92.29
666,2024-11-27 00:00:00,104,0,0,40.3,11.7,1,64.6,95.29
667,2024-11-28 00:00:00,62,0,0,41.6,11.7,1,61.9,91.86
668,2024-11-29 00:00:00,106,0,0,42.5,12.5,0,55.1,93.57
669,2024-11-30 00:00:00,83,1,0,42.8,7.9,1,65.2,92.43
670,2024-12-01 00:00:00,82,1,0,43.1,13.2,0,64.9,87.14
671,2024-12-02 00:00:00,124,0,0,41.7,12.7,1,61,86.43
672,2024-12-03 00:00:00,86,0,0,41.8,12.4,1,52.8,85.71
673,2024-12-04 00:00:00,67,0,0,40.5,16.9,2,52.8,82.43
674,2024-12-05 00:00:00,57,0,0,,8,3,52.7,90
675,2024-12-06 00:00:00,101,0,0,42.4,14.3,1,47.2,80.14
676,2024-12-07 00:00:00,60,1,0,42.9,11,1,54.7,88.14
677,2024-12-08 00:00:00,135,1,0,42.3,11.6,0,46.5,93.43
678,2024-12-09 00:00:00,55,0,0,41.1,12.9,0,33.3,98.29
679,2024-12-10 00:00:00,142,0,0,40,10.9,2,43.9,94.71
680,2024-12-11 00:00:00,104,0,0,40.8,10,0,39.9,100.29
681,2024-12-12 00:00:00,91,0,0,41.6,10.7,1,40.2,94.71
682,2024-12-13 00:00:00,76,0,0,41.4,10.2,0,38.6,105.14
683,2024-12-14 00:00:00,99,1,0,44.1,11.3,0,43.3,100.29
684,2024-12-15 00:00:00,96,1,0,43.1,12.9,2,45,100.29
685,2024-12-17 00:00:00,108,0,0,42.3,13.1,2,41.2,101.43
686,2024-12-18 00:00:00,104,0,0,41.3,13.7,0,44,101.43
687,2024-12-19 00:00:00,86,0,0,41.1,11,2,46,96.14
688,2024-12-20 00:00:00,89,0,0,42,11.5,2,44.7,88.43
689,2024-12-21 00:00:00,99,1,0,42.1,11.1,5,52.3,90.57
690,2024-12-22 00:00:00,59,1,0,43,12.7,1,53.9,90.86
691,2024-12-23 00:00:00,74,0,0,42.3,13.9,2,60.2,91.57
692,2024-12-25 00:00:00,106,0,1,40.7,11.9,1,54.7,92.29
693,2024-12-26 00:00:00,91,0,1,41.4,12.2,3,61.9,96.29
694,2024-12-27 00:00:00,92,0,0,42.5,11.7,2,55.7,98.29
695,2024-12-28 00:00:00,101,1,0,43.2,13.5,0,62.7,96.71
696,2024-12-29 00:00:00,87,1,0,43.7,9.5,0,57.9,93.14
697,2024-12-30 00:00:00,88,0,0,42.9,11.9,3,55.4,95.29
698,2024-12-31 00:00:00,112,0,0,40.5,12.7,1,59.8,89.71
699,2025-01-01 00:00:00,81,0,1,41.8,12.2,1,46.7,92
700,2025-01-02 00:00:00,106,0,0,41.4,11.8,0,48.9,95.43
701,2025-01-03 00:00:00,53,0,0,42.8,12,1,53.4,98.86
702,2025-01-04 00:00:00,117,1,0,44.2,11.9,1,52.4,101.57
703,2025-01-05 00:00:00,111,1,0,43.8,11.7,1,48.5,110.43
704,2025-01-06 00:00:00,112,0,0,43.3,13.4,0,41.6,112.57
705,2025-01-07 00:00:00,131,0,0,41.6,13.7,1,42.7,112.14
706,2025-01-08 00:00:00,143,0,0,40.5,12.3,2,45.7,104.71
707,2025-01-09 00:00:00,121,0,0,41.8,11.7,0,44.9,101.14
708,2025-01-11 00:00:00,65,1,0,43.9,13.8,1,45.1,99.14
709,2025-01-12 00:00:00,86,1,0,43.7,,2,41.6,91.14
710,2025-01-13 00:00:00,108,0,0,42.5,14.2,0,37.1,88.43
711,2025-01-14 00:00:00,121,0,0,41.4,12.5,0,39.4,92.14
712,2025-01-15 00:00:00,87,0,0,39.6,13.4,0,35.7,94.43
713,2025-01-16 00:00:00,102,0,0,41.2,10.9,2,42.1,91.86
714,2025-01-17 00:00:00,76,0,0,42.9,9.5,11,48.6,88.71
715,2025-01-19 00:00:00,68,1,0,43.1,10.9,2,53.5,81.71
716,2025-01-20 00:00:00,86,0,0,43.6,13.1,0,48.8,84.71
717,2025-01-21 00:00:00,77,0,0,40.9,12.6,0,57.5,84
718,2025-01-22 00:00:00,82,0,0,41.7,11.9,0,53.3,94.86
719,2025-01-23 00:00:00,123,0,0,42,10.7,2,61.8,101.29
720,2025-01-24 00:00:00,71,0,0,42.5,,2,57.3,105
721,2025-01-25 00:00:00,157,1,0,45.2,7.7,1,61.5,106.71
722,2025-01-26 00:00:00,113,1,0,43,10.5,1,65.4,112.43
723,2025-01-27 00:00:00,112,0,0,43.5,9.5,0,59.2,106.86
724,2025-01-28 00:00:00,89,0,0,42.3,12.5,1,60.8,110.57
725,2025-01-30 00:00:00,84,0,0,42.7,13.5,3,58.1,108.43
726,2025-01-31 00:00:00,97,0,0,42.8,12.7,2,52.1,111.71
727,2025-02-01 00:00:00,156,1,0,44.2,13.1,0,64.4,112.14
728,2025-02-02 00:00:00,99,1,0,44.1,14.6,0,52.2,109.57
729,2025-02-03 00:00:00,135,0,0,42.8,13.6,0,52.7,117.57
730,2025-02-04 00:00:00,92,0,0,42.2,11.3,1,54.6,114.86
731,2025-02-05 00:00:00,104,0,0,41.7,14.2,0,45.5,112.43
732,2025-02-06 00:00:00,140,0,0,40.6,10,1,41.9,115.14
733,2025-02-07 00:00:00,78,0,0,44,10.9,1,45.1,109.29
734,2025-02-08 00:00:00,139,1,0,42.9,13.5,3,35.4,113.86
735,2025-02-09 00:00:00,118,1,0,44.7,11.3,1,40.2,117.29
736,2025-02-10 00:00:00,94,0,0,43.8,12.1,0,41.5,113.43
737,2025-02-11 00:00:00,124,0,0,41,13.1,0,39,110.14
738,2025-02-12 00:00:00,128,0,0,40.9,11.8,1,33.9,101.29
739,2025-02-13 00:00:00,113,0,0,41.1,14,1,46.9,98
740,2025-02-14 00:00:00,55,0,0,43,10.4,2,41.8,99.57
741,2025-02-15 00:00:00,77,1,0,43.9,11.4,1,48.3,99.57
742,2025-02-16 00:00:00,95,1,0,44.6,13,2,43.1,96.71
743,2025-02-17 00:00:00,105,0,0,44,9.5,0,42.4,89.71
744,2025-02-18 00:00:00,,0,0,42.8,12.9,2,49,96.43
745,2025-02-19 00:00:00,108,0,0,40.9,11.5,0,49.1,101
746,2025-02-20 00:00:00,64,0,0,41.8,14.9,2,47.4,103.71
747,2025-02-21 00:00:00,102,0,0,42,11.3,1,59.9,107.71
748,2025-02-22 00:00:00,109,1,0,43.6,11.2,1,53.4,108.29
749,2025-02-23 00:00:00,114,1,0,44.8,13.3,2,50.1,109.29
750,2025-02-24 00:00:00,,0,0,44.2,,3,64,113.71
751,2025-02-25 00:00:00,128,0,0,41,13.6,2,,106.43
752,2025-02-26 00:00:00,115,0,0,41,12.6,0,57.5,105.71
753,2025-02-27 00:00:00,95,0,0,42,10.9,1,52.9,104.43
754,2025-02-28 00:00:00,51,0,0,43.5,13.6,2,66.5,101.43
755,2025-03-01 00:00:00,104,1,0,43.7,13.2,2,53.5,93.86
756,2025-03-02 00:00:00,105,1,0,44.5,12.9,0,57.7,88.29
757,2025-03-03 00:00:00,112,0,0,42.8,11.3,1,59.5,92.14
758,2025-03-04 00:00:00,75,0,0,41.9,12,1,55.8,97.71
759,2025-03-05 00:00:00,76,0,0,41.8,12.5,1,51.8,98.43
760,2025-03-06 00:00:00,122,0,0,42.1,11.9,0,43.2,97.57
761,2025-03-07 00:00:00,90,0,0,43.1,8.7,2,44.7,96.57
762,2025-03-08 00:00:00,109,1,0,44.3,15.1,1,46.7,104.29
763,2025-03-09 00:00:00,99,1,0,44.2,14,0,41,106.14
764,2025-03-10 00:00:00,105,0,0,43,13.2,2,43.4,102.57
765,2025-03-11 00:00:00,129,0,0,41.8,11.1,1,44.1,100.86
766,2025-03-12 00:00:00,89,0,0,42.6,10.8,1,44.3,96.71
767,2025-03-13 00:00:00,97,0,0,42.5,11.7,1,35.2,95.43
768,2025-03-14 00:00:00,78,0,0,43.2,,3,48.8,96
769,2025-03-15 00:00:00,80,1,0,44.9,12.7,1,43.6,90.86
770,2025-03-16 00:00:00,90,1,0,44.1,10.5,1,41.3,97
771,2025-03-17 00:00:00,109,0,0,44.1,12.6,2,,93.29
772,2025-03-18 00:00:00,93,0,0,42.3,13,1,53.6,94.14
773,2025-03-19 00:00:00,132,0,0,41.5,,0,40.2,94
774,2025-03-20 00:00:00,71,0,0,42.5,10.8,0,47,100.14
775,2025-03-21 00:00:00,84,0,0,42.4,10.6,1,40.5,99.86
776,2025-03-22 00:00:00,79,1,0,43.7,13.5,0,52.8,105.14
777,2025-03-23 00:00:00,133,1,0,43.6,12.3,2,55.5,95
778,2025-03-24 00:00:00,107,0,0,43.5,10.8,1,55.7,99
779,2025-03-25 00:00:00,130,0,0,43.4,12.3,2,54.8,102.71
780,2025-03-26 00:00:00,61,0,0,43.2,11.4,0,50.5,104.43
781,2025-03-27 00:00:00,99,0,0,,12.1,2,61,102.86
782,2025-03-28 00:00:00,110,0,0,43.9,10.8,1,65.8,100.14
783,2025-03-29 00:00:00,91,1,0,43.3,11,1,57.6,101.29
784,2025-03-30 00:00:00,122,1,0,44.1,14.9,3,61.3,114.86
785,2025-03-31 00:00:00,88,0,0,42.9,10.7,4,52.4,112.29
786,2025-04-01 00:00:00,138,0,0,41.8,11.5,3,59.3,107.29
787,2025-04-02 00:00:00,156,0,0,41.6,9.7,2,54.3,112
788,2025-04-03 00:00:00,81,0,0,42,13.2,1,51,113.71
789,2025-04-04 00:00:00,75,0,0,42.3,10.6,0,49,113.43
790,2025-04-05 00:00:00,124,1,0,45.2,8.2,2,48.4,106.57
791,2025-04-06 00:00:00,134,1,0,43.8,12.3,0,49.5,97
792,2025-04-07 00:00:00,86,0,0,43.7,12.2,1,40.7,93.14
793,2025-04-08 00:00:00,90,0,0,43.7,15,0,42.5,91.14
794,2025-04-09 00:00:00,89,0,0,41.1,13.7,0,42.4,82
795,2025-04-10 00:00:00,54,0,0,40.7,10.7,3,36.9,73.14
796,2025-04-11 00:00:00,61,0,0,43.5,12.4,0,47.7,74.71
797,2025-04-12 00:00:00,60,1,0,45.5,10.7,1,36.6,76.86
798,2025-04-13 00:00:00,72,1,0,46,12.9,1,37.4,83.43
799,2025-04-14 00:00:00,97,0,0,42.7,11.7,2,36.6,84.57
800,2025-04-15 00:00:00,105,0,0,42.7,12.1,1,48.5,91.29
801,2025-04-16 00:00:00,135,0,0,41.5,10.9,1,44.8,94
802,2025-04-17 00:00:00,62,0,0,42.4,,2,40.4,96.43
803,2025-04-18 00:00:00,108,0,1,45.6,7.5,2,50.4,98.86
804,2025-04-19 00:00:00,79,1,0,43.7,9.6,1,48.7,93.57
805,2025-04-20 00:00:00,89,1,0,44.9,11.4,4,51,89
806,2025-04-21 00:00:00,114,0,1,44,10.7,1,50.7,93
807,2025-04-22 00:00:00,68,0,0,43.2,12.3,1,51.1,91
808,2025-04-23 00:00:00,103,0,0,42,13.9,0,57.2,92.57
809,2025-04-24 00:00:00,90,0,0,42.8,10.1,3,55.3,101.71
810,2025-04-25 00:00:00,94,0,0,43.6,12.5,0,65.9,96.57
811,2025-04-26 00:00:00,90,1,0,45,10,0,54.4,98.57
812,2025-04-27 00:00:00,153,1,0,44.5,,1,66.1,94.57
813,2025-04-28 00:00:00,78,0,0,44.2,13.3,1,59.5,91.71
814,2025-04-29 00:00:00,82,0,0,42.2,10.9,1,60.7,87.29
815,2025-04-30 00:00:00,75,0,0,42.3,11.4,1,62,90.43
816,2025-05-01 00:00:00,70,0,0,42.6,11.9,1,54.9,86.43
817,2025-05-02 00:00:00,63,0,0,44.7,12.6,2,59.3,86.43
818,2025-05-03 00:00:00,112,1,0,44.9,9.1,2,43.2,85.14
819,2025-05-04 00:00:00,125,1,0,43.6,15.5,1,49.2,89
820,2025-05-05 00:00:00,,0,1,44.7,10.7,2,46.3,88.71
821,2025-05-06 00:00:00,73,0,0,41.9,11.8,3,42.9,93.29
822,2025-05-07 00:00:00,102,0,0,41.6,12.4,2,45.1,89.43
823,2025-05-08 00:00:00,68,0,0,42.3,9.2,2,45.7,78
824,2025-05-09 00:00:00,95,0,0,45,9.7,3,45.4,85.86
825,2025-05-10 00:00:00,85,1,0,43.5,12.1,1,42.3,95.57
826,2025-05-11 00:00:00,45,1,0,47.1,12.1,1,,91.29
827,2025-05-12 00:00:00,133,0,0,44.6,13.2,2,41.5,91.71
828,2025-05-13 00:00:00,141,0,0,42.8,9.9,0,40.6,90.14
829,2025-05-14 00:00:00,72,0,0,42.1,11.4,0,44.2,90.43
830,2025-05-15 00:00:00,71,0,0,43,11,1,44.4,98.57
831,2025-05-16 00:00:00,84,0,0,44.4,10.4,0,42.7,100.14
832,2025-05-18 00:00:00,102,1,0,45.4,10.2,0,43.3,91.57
833,2025-05-19 00:00:00,144,0,0,44,12.9,1,45.7,87.57
834,2025-05-20 00:00:00,87,0,0,42.6,13.5,1,48.7,83.57
835,2025-05-21 00:00:00,66,0,0,42.1,10.2,2,53.2,82
836,2025-05-22 00:00:00,43,0,0,42.7,9,0,56.9,86.14
837,2025-05-23 00:00:00,56,0,0,44.9,11.7,0,55.7,76.29
838,2025-05-24 00:00:00,76,1,0,45.5,13.6,2,57.5,77.57
839,2025-05-25 00:00:00,131,1,0,43,12.1,1,59.2,80.29
840,2025-05-26 00:00:00,75,0,1,44.5,14,2,57.4,90
841,2025-05-27 00:00:00,96,0,0,42.9,12.3,1,56.2,102.43
842,2025-05-28 00:00:00,85,0,0,42.3,9.1,1,52.9,100.29
843,2025-05-29 00:00:00,111,0,0,42.6,11.8,1,56.7,91.29
844,2025-05-30 00:00:00,143,0,0,45,10.5,2,60.6,97.14
845,2025-05-31 00:00:00,61,1,0,45.9,13,1,54.6,98.86
846,2025-06-01 00:00:00,68,1,0,44.6,12.4,0,54.9,106
847,2025-06-02 00:00:00,116,0,0,44.4,13.2,0,55.9,103.43
848,2025-06-03 00:00:00,108,0,0,42.2,12.8,1,54.2,92
849,2025-06-04 00:00:00,135,0,0,41.4,12.1,0,45.7,96.29
850,2025-06-05 00:00:00,93,0,0,42.5,12.7,4,51.9,102.43
851,2025-06-06 00:00:00,63,0,0,44.9,13.4,0,50.4,101.43
852,2025-06-07 00:00:00,91,1,0,45.9,11.9,3,39.6,100.57
853,2025-06-08 00:00:00,111,1,0,45.6,10.9,1,39.3,97.43
854,2025-06-09 00:00:00,109,0,0,44.7,10.3,0,46.1,99.71
855,2025-06-10 00:00:00,102,0,0,,11,0,39.9,106.43
856,2025-06-11 00:00:00,113,0,0,42,13.2,4,,106.43
857,2025-06-12 00:00:00,109,0,0,43.4,12.1,0,34.5,101.29
858,2025-06-13 00:00:00,110,0,0,44.9,10.5,0,39.5,98.57
859,2025-06-14 00:00:00,91,1,0,45.9,13.1,1,36.7,101.14
860,2025-06-15 00:00:00,75,1,0,46.1,10.1,1,40.9,93.57
861,2025-06-16 00:00:00,90,0,0,44.7,12.5,0,44.3,90.29
862,2025-06-17 00:00:00,120,0,0,43.2,9.9,0,51.8,83.14
863,2025-06-18 00:00:00,60,0,0,43.2,13.4,2,46.8,80.57
864,2025-06-19 00:00:00,86,0,0,43.1,12.2,2,54.3,86.14
865,2025-06-20 00:00:00,60,0,0,43.8,12.9,0,57.8,86.14
866,2025-06-21 00:00:00,73,1,0,45.3,10.6,2,,81.57
867,2025-06-22 00:00:00,114,1,0,44.8,12.5,1,57,79.29
868,2025-06-23 00:00:00,90,0,0,43.8,12.9,3,49.6,80.71
869,2025-06-24 00:00:00,88,0,0,43,13.5,0,60.5,84.86
870,2025-06-25 00:00:00,44,0,0,42,10.2,0,63.7,93.29
871,2025-06-26 00:00:00,96,0,0,43,12.1,0,59.6,87
872,2025-06-27 00:00:00,89,0,0,43.2,9.6,0,66.9,87
873,2025-06-28 00:00:00,132,1,0,45.6,11.9,2,62.9,87.71
874,2025-06-29 00:00:00,70,1,0,45.4,14.5,1,60.9,99.43
875,2025-06-30 00:00:00,90,0,0,43.8,12.9,0,61.8,96
876,2025-07-01 00:00:00,93,0,0,43.6,10.6,0,57.2,94.43
877,2025-07-02 00:00:00,126,0,0,43.3,10.2,1,44.1,88.29
878,2025-07-03 00:00:00,72,0,0,42.1,10.3,1,50.1,90.14
879,2025-07-04 00:00:00,78,0,0,44,12.2,1,54.8,87.43
880,2025-07-05 00:00:00,89,1,0,45,13.8,0,44.7,87.14
881,2025-07-06 00:00:00,83,1,0,44.8,8.6,0,45,85
882,2025-07-07 00:00:00,71,0,0,45,10.2,1,39.9,81.14
883,2025-07-08 00:00:00,91,0,0,43.1,11.4,2,49.7,80.57
884,2025-07-09 00:00:00,111,0,0,42.5,12.7,1,48.1,75.29
885,2025-07-10 00:00:00,45,0,0,41.9,9.4,0,37,79.29
886,2025-07-11 00:00:00,74,0,0,45.1,11.6,1,40.6,75
887,2025-07-12 00:00:00,52,1,0,44.7,11.9,0,37.3,72
888,2025-07-13 00:00:00,111,1,0,45.6,11.1,0,42.9,69.29
889,2025-07-14 00:00:00,41,0,0,44.7,9.9,1,43.4,79.86
890,2025-07-15 00:00:00,70,0,0,44.2,12.9,2,45.8,79
891,2025-07-16 00:00:00,92,0,0,41.9,14.4,0,45.4,79.57
892,2025-07-17 00:00:00,119,0,0,41.3,9.2,0,57.7,82.43
893,2025-07-19 00:00:00,56,1,0,46.9,10.7,0,43.2,76
894,2025-07-20 00:00:00,131,1,0,46.5,12,0,50.5,76.29
895,2025-07-21 00:00:00,43,0,0,44.7,9.5,1,47.8,67.86
896,2025-07-22 00:00:00,23,0,0,43,11.7,0,49.9,64
897,2025-07-23 00:00:00,94,0,0,43.4,9.4,1,53.4,69.14
898,2025-07-24 00:00:00,60,0,0,42.8,14.3,2,55,62.57
899,2025-07-25 00:00:00,41,0,0,45.1,10.8,1,55.7,66.14
900,2025-07-26 00:00:00,92,1,0,46.1,9.7,1,62,69.86
901,2025-07-27 00:00:00,85,1,0,,13.1,0,57.9,71.71
902,2025-07-28 00:00:00,68,0,0,46.6,9.7,1,58.8,76.43
903,2025-07-29 00:00:00,49,0,0,43.7,6.8,1,62.2,80.29
904,2025-07-30 00:00:00,107,0,0,42.6,13.6,2,54.4,85
905,2025-07-31 00:00:00,93,0,0,43.5,10.4,1,,79.57
906,2025-08-01 00:00:00,68,0,0,43.6,10.2,0,55.5,75.71
907,2025-08-02 00:00:00,125,1,0,45.3,12.8,2,44.3,78.14
908,2025-08-03 00:00:00,47,1,0,45.5,10.2,1,40.5,74.43
909,2025-08-04 00:00:00,41,0,0,44.4,11.3,1,49.3,72.86
910,2025-08-05 00:00:00,66,0,0,43.6,9.6,2,47.9,72.29
911,2025-08-07 00:00:00,82,0,0,44.4,9.2,0,43.2,65.71
912,2025-08-08 00:00:00,64,0,0,44.9,10.6,2,44.6,78
913,2025-08-09 00:00:00,83,1,0,45.9,12.3,4,39.7,80.71
914,2025-08-10 00:00:00,43,1,0,45.6,10.4,3,41.2,85.57
915,2025-08-11 00:00:00,127,0,0,44.9,10.2,15,46.7,86.14
916,2025-08-12 00:00:00,85,0,0,44.1,9.8,2,32,89.14
917,2025-08-13 00:00:00,115,0,0,42.4,10.4,1,43,90.14
918,2025-08-14 00:00:00,86,0,0,43.2,11.1,1,51.1,97.29
919,2025-08-15 00:00:00,85,0,0,44.8,9.5,1,45.3,94.14
920,2025-08-16 00:00:00,90,1,0,45,12.3,3,52.5,100.14
921,2025-08-17 00:00:00,93,1,0,45.3,9.3,0,45.4,96.57
922,2025-08-18 00:00:00,105,0,0,44.5,9.6,1,49.9,98.29
923,2025-08-19 00:00:00,127,0,0,44.2,11,4,52.2,96.14
924,2025-08-20 00:00:00,90,0,0,43.3,11.4,1,45.2,100
925,2025-08-21 00:00:00,98,0,0,43.9,9.5,2,51.2,95.43
926,2025-08-22 00:00:00,70,0,0,45.6,9.9,2,53,100.43
927,2025-08-23 00:00:00,,1,0,45.9,11.7,0,61.9,94.86
928,2025-08-24 00:00:00,61,1,0,46.2,13.3,2,63,88.14
929,2025-08-25 00:00:00,140,0,1,44.9,12.6,3,61.2,85.86
930,2025-08-26 00:00:00,88,0,0,43.9,12.4,0,63.2,83.57
931,2025-08-27 00:00:00,43,0,0,42.8,,2,58.9,81.29
932,2025-08-28 00:00:00,82,0,0,42.1,11.4,2,63.5,81.57
933,2025-08-29 00:00:00,54,0,0,45,10,2,57.5,72.29
934,2025-08-30 00:00:00,101,1,0,47.1,11.3,22,56.1,64.57
935,2025-08-31 00:00:00,63,1,0,46.7,8.3,0,53,68.86
936,2025-09-01 00:00:00,75,0,0,45.7,13.1,1,54.8,58.14
937,2025-09-02 00:00:00,34,0,0,44.6,11.7,2,48.3,54.43
938,2025-09-03 00:00:00,73,0,0,43.3,9.6,1,51.8,54.29
939,2025-09-04 00:00:00,7,0,0,44,10.8,1,41.4,60.57
940,2025-09-05 00:00:00,28,0,0,44.8,9,1,39.7,64.57
941,2025-09-07 00:00:00,107,1,0,46.5,8.9,2,41,70.57
942,2025-09-08 00:00:00,103,0,0,45.9,11.9,0,38.7,81.14
943,2025-09-09 00:00:00,63,0,0,43.7,8.2,3,43.6,83.14
944,2025-09-10 00:00:00,86,0,0,43,10,0,37.6,86.57
945,2025-09-11 00:00:00,81,0,0,,6.5,2,39.7,87.29
946,2025-09-12 00:00:00,42,0,0,45.7,8.5,1,46.9,84.71
947,2025-09-13 00:00:00,124,1,0,45.2,13.2,0,48.7,89.14
948,2025-09-14 00:00:00,112,1,0,44.6,12.9,2,50.4,90.57
949,2025-09-15 00:00:00,85,0,0,44.8,13.3,0,44.8,82
950,2025-09-16 00:00:00,94,0,0,43,11.1,0,52.8,86.14
951,2025-09-17 00:00:00,96,0,0,43,10.1,2,46.2,77
952,2025-09-18 00:00:00,21,0,0,43.9,10.8,0,48.5,69.14
953,2025-09-19 00:00:00,71,0,0,45,8.7,1,44.7,69.14
954,2025-09-20 00:00:00,60,1,0,47.3,,0,62.6,77.14
955,2025-09-21 00:00:00,57,1,0,46.5,11,1,54,79.29
956,2025-09-22 00:00:00,85,0,0,45.4,12.5,0,58.2,85.86
957,2025-09-23 00:00:00,150,0,0,44.4,12.8,3,55.9,89.71
958,2025-09-24 00:00:00,111,0,0,42.7,14,0,62.7,99
959,2025-09-25 00:00:00,67,0,0,44.8,8.3,0,58.4,107.57
960,2025-09-26 00:00:00,98,0,0,45.3,11.7,3,54.3,109.29
961,2025-09-27 00:00:00,125,1,0,46.9,13.1,1,60.4,98.86
962,2025-09-28 00:00:00,117,1,0,45.6,9.5,3,51.7,99.29
963,2025-09-29 00:00:00,97,0,0,44.2,9.6,2,52.5,103.71
964,2025-09-30 00:00:00,77,0,0,44.6,11.7,0,45.6,105.43
965,2025-10-01 00:00:00,114,0,0,43.8,13.3,1,46.4,102.43
966,2025-10-02 00:00:00,98,0,0,43.5,8.4,1,50.7,103.29
967,2025-10-03 00:00:00,110,0,0,44.9,11.5,1,40.1,101
968,2025-10-04 00:00:00,104,1,0,47.2,13.5,0,40,109.86
969,2025-10-05 00:00:00,123,1,0,45.6,12.9,2,44.1,108
970,2025-10-06 00:00:00,81,0,0,46.5,12.4,2,40.4,115.71
971,2025-10-07 00:00:00,139,0,0,43.5,11.3,0,49.3,109
972,2025-10-08 00:00:00,101,0,0,44.1,14.1,0,47.8,114.14
973,2025-10-09 00:00:00,152,0,0,44,10.8,5,36.6,110.71
974,2025-10-10 00:00:00,63,0,0,46,11.6,0,42.3,110.43
975,2025-10-11 00:00:00,140,1,0,,11.2,0,43.5,102.86
976,2025-10-12 00:00:00,99,1,0,46.4,,1,38.9,100.86
977,2025-10-13 00:00:00,79,0,0,45.4,12.3,2,36.6,93.86
978,2025-10-14 00:00:00,86,0,0,43.5,14.1,1,44.1,99.57
979,2025-10-15 00:00:00,87,0,0,44.2,13.5,2,45.2,89.57
980,2025-10-16 00:00:00,103,0,0,44,12.7,1,46.2,88.86
981,2025-10-17 00:00:00,103,0,0,,12.5,1,51.8,101.57
982,2025-10-18 00:00:00,70,1,0,45.9,15.4,2,49.1,111.71
983,2025-10-19 00:00:00,94,1,0,44.7,12.8,1,49.5,115.43
984,2025-10-20 00:00:00,168,0,0,45.4,13.3,1,56.3,114.14
985,2025-10-21 00:00:00,157,0,0,45.9,9.5,1,59,112.57
986,2025-10-22 00:00:00,113,0,0,44.3,10.9,1,54,118.14
987,2025-10-23 00:00:00,94,0,0,44.4,11.2,1,63.2,114
988,2025-10-24 00:00:00,92,0,0,45.5,13,2,52.9,103.57
989,2025-10-25 00:00:00,109,1,0,46.7,9.5,0,57.6,88.71
990,2025-10-26 00:00:00,65,1,0,47,12.7,1,58.5,88.86
991,2025-10-27 00:00:00,95,0,0,44.7,16.4,4,56.1,91.86
992,2025-10-28 00:00:00,53,0,0,45.1,15.1,0,55.2,89.43
993,2025-10-29 00:00:00,114,0,0,44.3,12.9,0,63.4,94.14
994,2025-10-30 00:00:00,115,0,0,45,10.6,1,50.7,93.43
995,2025-10-31 00:00:00,75,0,0,46.1,10.7,20,61.8,88.29
996,2025-11-01 00:00:00,142,1,0,46.7,13.9,4,51.7,97
997,2025-11-02 00:00:00,60,1,0,47.1,11.5,7,48.3,100.14
998,2025-11-03 00:00:00,59,0,0,46,11.8,0,47.8,105
999,2025-11-04 00:00:00,114,0,0,44.1,9.6,0,54.2,105.43
1000,2025-11-05 00:00:00,136,0,0,43.5,10.1,1,38.6,103.43
1001,2025-11-06 00:00:00,149,0,0,44.6,11.3,0,36.9,109.14
1002,2025-11-07 00:00:00,78,0,0,46.9,13.3,1,37.5,115.29
1003,2025-11-08 00:00:00,128,1,0,45.9,12.1,3,40.2,118.57
1004,2025-11-09 00:00:00,100,1,0,45.7,10.6,0,33.2,117.14
1005,2025-11-10 00:00:00,102,0,0,45.8,11.6,3,40.6,102.86
1006,2025-11-11 00:00:00,137,0,0,44.5,11.1,1,,111.86
1007,2025-11-12 00:00:00,126,0,0,44.1,13.7,0,43.2,113.57
1008,2025-11-13 00:00:00,49,0,0,44.8,15.1,1,43,111.14
1009,2025-11-14 00:00:00,141,0,0,45.7,11.1,0,43.5,114
1010,2025-11-15 00:00:00,140,1,0,47.9,16.6,1,51.5,112.57
1011,2025-11-16 00:00:00,83,1,0,45.7,10,2,46.7,111
1012,2025-11-17 00:00:00,122,0,0,45.2,13.4,1,59.5,115.86
1013,2025-11-18 00:00:00,127,0,0,44.5,13.3,1,61.8,106.43
1014,2025-11-19 00:00:00,115,0,0,,14,4,56.9,100.29
1015,2025-11-21 00:00:00,75,0,0,47.1,12.8,1,62.8,109.71
1016,2025-11-22 00:00:00,97,1,0,47,13.9,1,63.9,106
1017,2025-11-23 00:00:00,142,1,0,47,9.1,1,56.7,108.71
1018,2025-11-24 00:00:00,129,0,0,45,13.6,0,57.8,98.43
1019,2025-11-26 00:00:00,134,0,0,43.8,13.4,2,60.3,99.43
1020,2025-11-27 00:00:00,11,0,0,44.5,12.6,0,60.1,92.71
1021,2025-11-28 00:00:00,135,0,0,46.9,11.4,1,50.5,85.29
1022,2025-11-29 00:00:00,44,1,0,47.4,12.1,1,52.2,81.29
1023,2025-11-30 00:00:00,95,1,0,46.2,12.6,1,46.7,83.29
1024,2025-12-01 00:00:00,77,0,0,46.1,12.3,0,46.4,94.43
1025,2025-12-02 00:00:00,73,0,0,45,13.5,1,50.1,91
1026,2025-12-03 00:00:00,148,0,0,45,15.1,0,43,99
1027,2025-12-04 00:00:00,89,0,0,45.9,8.2,1,42.9,103
1028,2025-12-05 00:00:00,111,0,0,45.4,13.5,0,36.1,108.71
1029,2025-12-06 00:00:00,100,1,0,46.5,,5,42.1,109
1030,2025-12-07 00:00:00,123,1,0,46.1,13.2,3,40.3,108.43
1031,2025-12-08 00:00:00,117,0,0,45.8,11.9,0,37.1,108.43
1032,2025-12-09 00:00:00,75,0,0,45.1,13.2,3,39.3,99.86
1033,2025-12-10 00:00:00,144,0,0,44.9,12.9,0,41.2,98.29
1034,2025-12-12 00:00:00,51,0,0,45.9,12.7,1,36.7,107.14
1035,2025-12-13 00:00:00,89,1,0,47.3,12.8,0,51.3,111.57
1036,2025-12-14 00:00:00,158,1,0,46.5,12.7,1,43.4,105.57
1037,2025-12-15 00:00:00,144,0,0,47.5,11.6,2,47.5,106.57
1038,2025-12-16 00:00:00,106,0,0,43.7,12.1,3,54,123.57
1039,2025-12-17 00:00:00,102,0,0,44.4,14.6,0,66.2,127.57
1040,2025-12-18 00:00:00,96,0,0,46.4,10.5,0,49.1,122.86
1041,2025-12-19 00:00:00,170,0,0,46.2,11.7,2,57.7,123.86
1042,2025-12-20 00:00:00,117,1,0,47.1,13,1,54.6,126.86
1043,2025-12-21 00:00:00,125,1,0,46.9,14.5,2,56.5,127.43
1044,2025-12-22 00:00:00,151,0,0,46,13.9,1,56.6,128.14
1045,2025-12-23 00:00:00,127,0,0,45.8,12.9,1,55.4,118.29
1046,2025-12-24 00:00:00,106,0,0,42.8,11,0,59.8,116.43
1047,2025-12-25 00:00:00,101,0,1,46.1,11.9,1,53.6,118
1048,2025-12-26 00:00:00,101,0,1,45.3,12.2,2,62.4,113.57
1049,2025-12-27 00:00:00,104,1,0,47.1,13.7,2,57.7,116
1050,2025-12-28 00:00:00,136,1,0,46.9,11.1,0,57.6,117
1051,2025-12-29 00:00:00,120,0,0,46.6,15.8,2,52.2,119.67
1052,2025-12-30 00:00:00,144,0,0,43.8,12.7,1,50.6,123.4
1053,2025-12-31 00:00:00,113,0,0,44.8,12,1,51.2,128.25